Model,Price,Lithography,CoreCount,ThreadCount,ClockSpeedMax,ClockSpeed,Cache,Desktop,Embedded,Mobile
Intel® Core™ i9-10900X X-series Processor,653.0,14.0,10.0,20.0,4.5,3.7,3,True,False,False
Intel® Core™ i9-10920X X-series Processor,764.0,14.0,12.0,24.0,4.6,3.5,3,True,False,False
Intel® Core™ i9-10940X X-series Processor,868.0,14.0,14.0,28.0,4.6,3.3,3,True,False,False
Intel® Core™ i9-10980XE Extreme Edition Processor,1081.0,14.0,18.0,36.0,4.6,3.0,3,True,False,False
Intel® Core™ i7-9800X X-series Processor,589.0,14.0,8.0,16.0,4.4,3.8,3,True,False,False
Intel® Core™ i9-9820X X-series Processor,889.0,14.0,10.0,20.0,4.1,3.3,3,True,False,False
Intel® Core™ i9-9900X X-series Processor,989.0,14.0,10.0,20.0,4.4,3.5,3,True,False,False
Intel® Core™ i9-9920X X-series Processor,1189.0,14.0,12.0,24.0,4.4,3.5,3,True,False,False
Intel® Core™ i9-9940X X-series Processor,1387.0,14.0,14.0,28.0,4.4,3.3,3,True,False,False
Intel® Core™ i9-9960X X-series Processor,1684.0,14.0,16.0,32.0,4.4,3.1,3,True,False,False
Intel® Core™ i9-9980XE Extreme Edition Processor,1979.0,14.0,18.0,36.0,4.4,3.0,3,True,False,False
Intel® Core™ i7-7800X X-series Processor,383.0,14.0,6.0,12.0,4.0,3.5,2,True,False,False
Intel® Core™ i7-6800K Processor,434.0,14.0,6.0,12.0,3.6,3.4,3,True,False,False
Intel® Core™ i7-6850K Processor,617.0,14.0,6.0,12.0,3.8,3.6,0,True,False,False
Intel® Core™ i7-6900K Processor,1089.0,14.0,8.0,16.0,3.7,3.2,0,True,False,False
Intel® Core™ i7-6950X Processor Extreme Edition,1723.0,14.0,10.0,20.0,3.5,3.0,0,True,False,False
Intel® Core™ i7-5820K Processor,396.0,22.0,6.0,12.0,3.6,3.3,3,True,False,False
Intel® Core™ i7-5930K Processor,594.0,22.0,6.0,12.0,3.7,3.5,3,True,False,False
Intel® Core™ i7-5960X Processor Extreme Edition,1059.0,22.0,8.0,16.0,3.5,3.0,3,True,False,False
Intel® Core™ i7-4820K Processor,332.0,22.0,4.0,8.0,3.9,3.7,3,True,False,False
Intel® Core™ i7-4930K Processor,594.0,22.0,6.0,12.0,3.9,3.4,3,True,False,False
Intel® Core™ i7-4960X Processor Extreme Edition,1059.0,22.0,6.0,12.0,4.0,3.6,3,True,False,False
Intel® Core™ i7-3970X Processor Extreme Edition,1059.0,32.0,6.0,12.0,4.0,3.5,3,True,False,False
Intel® Core™ i7-3820 Processor,305.0,32.0,4.0,8.0,3.8,3.6,3,True,False,False
Intel® Core™ i7-3930K Processor,594.0,32.0,6.0,12.0,3.8,3.2,3,True,False,False
Intel® Core™ i7-3960X Processor Extreme Edition,1059.0,32.0,6.0,12.0,3.9,3.3,3,True,False,False
Intel® Core™ i9-13900KS Processor,694.0,14.0,24.0,32.0,6.0,2.8,3,True,False,False
Intel® Core™ i9-13900 Processor,564.0,14.0,24.0,32.0,5.6,2.8,3,True,False,False
Intel® Core™ i9-13900E Processor,554.0,14.0,24.0,32.0,5.2,1.8,3,False,True,False
Intel® Core™ i9-13900F Processor,539.0,14.0,24.0,32.0,5.6,2.8,3,True,False,False
Intel® Core™ i9-13900H Processor,617.0,14.0,14.0,20.0,5.4,2.8,3,False,False,True
Intel® Core™ i9-13900HK Processor,697.0,14.0,14.0,20.0,5.4,2.8,3,False,False,True
Intel® Core™ i9-13900HX Processor,668.0,14.0,24.0,32.0,5.4,2.8,3,False,False,True
Intel® Core™ i9-13900T Processor,549.0,14.0,24.0,32.0,5.3,2.8,3,True,False,False
Intel® Core™ i9-13900TE Processor,554.0,14.0,24.0,32.0,5.0,1.0,3,False,True,False
Intel® Core™ i9-13905H Processor,697.0,14.0,14.0,20.0,5.4,2.8,3,False,False,True
Intel® Core™ i9-13950HX Processor,590.0,14.0,24.0,32.0,5.5,2.8,3,False,False,True
Intel® Core™ i9-13980HX Processor,668.0,14.0,24.0,32.0,5.6,2.8,3,False,False,True
Intel® Core™ i9-13900K Processor,594.0,14.0,24.0,32.0,5.8,2.8,3,True,False,False
Intel® Core™ i9-13900KF Processor,569.0,14.0,24.0,32.0,5.8,2.8,3,True,False,False
Intel® Core™ i7-1355U Processor,469.0,14.0,10.0,12.0,5.0,2.8,3,False,False,True
Intel® Core™ i7-1360P Processor,480.0,14.0,12.0,16.0,5.0,2.8,3,False,False,True
Intel® Core™ i7-13620H Processor,502.0,14.0,10.0,16.0,4.9,2.8,3,False,False,True
Intel® Core™ i7-13650HX Processor,485.0,14.0,14.0,20.0,4.9,2.8,3,False,False,True
Intel® Core™ i7-1365U Processor,426.0,14.0,10.0,12.0,5.2,2.8,3,False,False,True
Intel® Core™ i7-1365UE Processor,429.0,14.0,10.0,12.0,4.9,1.7,3,False,True,False
Intel® Core™ i7-13700 Processor,389.0,14.0,16.0,24.0,5.2,2.8,3,True,False,False
Intel® Core™ i7-13700E Processor,390.0,14.0,16.0,24.0,5.1,1.9,3,False,True,False
Intel® Core™ i7-13700F Processor,364.0,14.0,16.0,24.0,5.2,2.8,3,True,False,False
Intel® Core™ i7-13700H Processor,502.0,14.0,14.0,20.0,5.0,2.8,3,False,False,True
Intel® Core™ i7-13700HX Processor,485.0,14.0,16.0,24.0,5.0,2.8,3,False,False,True
Intel® Core™ i7-13700T Processor,384.0,14.0,16.0,24.0,4.9,2.8,3,True,False,False
Intel® Core™ i7-13700TE Processor,390.0,14.0,16.0,24.0,4.8,1.1,3,False,True,False
Intel® Core™ i7-13705H Processor,502.0,14.0,14.0,20.0,5.0,2.8,3,False,False,True
Intel® Core™ i7-1370P Processor,438.0,14.0,14.0,20.0,5.2,2.8,3,False,False,True
Intel® Core™ i7-1370PE Processor,441.0,14.0,14.0,20.0,4.8,1.9,3,False,True,False
Intel® Core™ i7-13800H Processor,457.0,14.0,14.0,20.0,5.2,2.8,3,False,False,True
Intel® Core™ i7-13800HE Processor,460.0,14.0,14.0,20.0,5.0,2.5,3,False,True,False
Intel® Core™ i7-13850HX Processor,428.0,14.0,20.0,28.0,5.3,2.8,3,False,False,True
Intel® Core™ i7-13700K Processor,414.0,14.0,16.0,24.0,5.4,2.8,3,True,False,False
Intel® Core™ i7-13700KF Processor,389.0,14.0,16.0,24.0,5.4,2.8,3,True,False,False
Intel® Core™ i5-1334U Processor,340.0,14.0,10.0,12.0,4.6,2.8,3,False,False,True
Intel® Core™ i5-1335U Processor,340.0,14.0,10.0,12.0,4.6,2.8,3,False,False,True
Intel® Core™ i5-1335UE Processor,312.0,14.0,10.0,12.0,4.5,1.3,3,False,True,False
Intel® Core™ i5-13400 Processor,226.0,14.0,10.0,16.0,4.6,2.8,3,True,False,False
Intel® Core™ i5-13400E Processor,224.0,14.0,10.0,16.0,4.6,2.4,3,False,True,False
Intel® Core™ i5-13400F Processor,201.0,14.0,10.0,16.0,4.6,2.8,3,True,False,False
Intel® Core™ i5-13400T Processor,221.0,14.0,10.0,16.0,4.4,2.8,3,True,False,False
Intel® Core™ i5-1340P Processor,353.0,14.0,12.0,16.0,4.6,2.8,3,False,False,True
Intel® Core™ i5-1340PE Processor,323.0,14.0,12.0,16.0,4.5,1.8,3,False,True,False
Intel® Core™ i5-13420H Processor,342.0,14.0,8.0,12.0,4.6,2.8,3,False,False,True
Intel® Core™ i5-13450HX Processor,326.0,14.0,10.0,16.0,4.6,2.8,3,False,False,True
Intel® Core™ i5-1345U Processor,309.0,14.0,10.0,12.0,4.7,2.8,3,False,False,True
Intel® Core™ i5-1345UE Processor,312.0,14.0,10.0,12.0,4.6,1.4,3,False,True,False
Intel® Core™ i5-13500 Processor,237.0,14.0,14.0,20.0,4.8,2.8,3,True,False,False
Intel® Core™ i5-13500E Processor,235.0,14.0,14.0,20.0,4.6,2.4,3,False,True,False
Intel® Core™ i5-13500H Processor,342.0,14.0,12.0,16.0,4.7,2.8,3,False,False,True
Intel® Core™ i5-13500H Processor,342.0,14.0,12.0,16.0,4.7,2.8,3,False,False,True
Intel® Core™ i5-13500HX Processor,326.0,14.0,14.0,20.0,4.7,2.8,3,False,False,True
Intel® Core™ i5-13500T Processor,232.0,14.0,14.0,20.0,4.6,2.8,3,True,False,False
Intel® Core™ i5-13500TE Processor,235.0,14.0,14.0,20.0,4.5,1.3,3,False,True,False
Intel® Core™ i5-13505H Processor,342.0,14.0,12.0,16.0,4.7,2.8,3,False,False,True
Intel® Core™ i5-1350P Processor,320.0,14.0,12.0,16.0,4.7,2.8,3,False,False,True
Intel® Core™ i5-1350PE Processor,323.0,14.0,12.0,16.0,4.6,1.8,3,False,True,False
Intel® Core™ i5-13600 Processor,255.0,14.0,14.0,20.0,5.0,2.8,3,True,False,False
Intel® Core™ i5-13600H Processor,311.0,14.0,12.0,16.0,4.8,2.8,3,False,False,True
Intel® Core™ i5-13600HE Processor,315.0,14.0,12.0,16.0,4.8,2.7,3,False,True,False
Intel® Core™ i5-13600HX Processor,284.0,14.0,14.0,20.0,4.8,2.8,3,False,False,True
Intel® Core™ i5-13600T Processor,255.0,14.0,14.0,20.0,4.8,2.8,3,True,False,False
Intel® Core™ i5-13600K Processor,324.0,14.0,14.0,20.0,5.1,2.8,3,True,False,False
Intel® Core™ i5-13600KF Processor,299.0,14.0,14.0,20.0,5.1,2.8,3,True,False,False
Intel® Core™ i3-1305U Processor,309.0,14.0,5.0,6.0,4.5,2.8,3,False,False,True
Intel® Core™ i3-13100 Processor,139.0,14.0,4.0,8.0,4.5,2.8,3,True,False,False
Intel® Core™ i3-13100E Processor,137.0,14.0,4.0,8.0,4.4,3.3,3,False,True,False
Intel® Core™ i3-13100F Processor,114.0,14.0,4.0,8.0,4.5,2.8,3,True,False,False
Intel® Core™ i3-13100T Processor,134.0,14.0,4.0,8.0,4.2,2.8,3,True,False,False
Intel® Core™ i3-13100TE Processor,137.0,14.0,4.0,8.0,4.1,2.4,3,False,True,False
Intel® Core™ i3-1315U Processor,309.0,14.0,6.0,8.0,4.5,2.8,3,False,False,True
Intel® Core™ i3-1315U Processor,309.0,14.0,6.0,8.0,4.5,2.8,3,False,False,True
Intel® Core™ i3-1315UE Processor,312.0,14.0,6.0,8.0,4.5,1.2,3,False,True,False
Intel® Core™ i3-1320PE Processor,312.0,14.0,8.0,12.0,4.5,1.7,3,False,True,False
Intel® Core™ i3-13300HE Processor,312.0,14.0,8.0,12.0,4.6,2.1,3,False,True,False
Intel® Core™ i9-12900HX Processor,668.0,14.0,16.0,24.0,5.0,2.8,3,False,False,True
Intel® Core™ i9-12950HX Processor,590.0,14.0,16.0,24.0,5.0,2.8,3,False,False,True
Intel® Core™ i9-12900KS Processor,818.0,14.0,16.0,24.0,5.5,2.8,3,True,False,False
Intel® Core™ i9-12900 Processor,553.0,14.0,16.0,24.0,5.1,2.8,3,True,False,False
Intel® Core™ i9-12900E Processor,544.0,14.0,16.0,24.0,5.0,2.8,3,False,True,False
Intel® Core™ i9-12900F Processor,525.0,14.0,16.0,24.0,5.1,2.8,3,True,False,False
Intel® Core™ i9-12900H Processor,617.0,14.0,14.0,20.0,5.0,2.8,3,False,False,True
Intel® Core™ i9-12900HK Processor,697.0,14.0,14.0,20.0,5.0,2.8,3,False,False,True
Intel® Core™ i9-12900T Processor,538.0,14.0,16.0,24.0,4.9,2.8,3,True,False,False
Intel® Core™ i9-12900TE Processor,544.0,14.0,16.0,24.0,4.8,2.8,3,False,True,False
Intel® Core™ i9-12900K Processor,653.0,14.0,16.0,24.0,5.2,2.8,3,True,False,False
Intel® Core™ i9-12900KF Processor,625.0,14.0,16.0,24.0,5.2,2.8,3,True,False,False
Intel® Core™ i7-1255UL Processor,399.0,14.0,10.0,12.0,4.7,1.7,3,False,True,False
Intel® Core™ i7-1265UL Processor,426.0,14.0,10.0,12.0,4.8,1.8,3,False,True,False
Intel® Core™ i7-12700HL Processor,430.0,14.0,14.0,20.0,4.7,2.3,3,False,True,False
Intel® Core™ i7-12800HL Processor,457.0,14.0,14.0,20.0,4.8,2.4,3,False,True,False
Intel® Core™ i7-12650HX Processor,472.0,14.0,14.0,20.0,4.7,2.8,3,False,False,True
Intel® Core™ i7-12800HX Processor,502.0,14.0,16.0,24.0,4.8,2.8,3,False,False,True
Intel® Core™ i7-12850HX Processor,428.0,14.0,16.0,24.0,4.8,2.8,3,False,False,True
Intel® Core™ i7-1265UE Processor,429.0,14.0,10.0,12.0,4.4,2.8,3,False,True,False
Intel® Core™ i7-1270PE Processor,441.0,14.0,12.0,16.0,4.4,2.8,3,False,True,False
Intel® Core™ i7-1250U Processor,469.0,14.0,10.0,12.0,4.7,2.8,3,False,False,True
Intel® Core™ i7-1255U Processor,469.0,14.0,10.0,12.0,4.7,2.8,3,False,False,True
Intel® Core™ i7-1260P Processor,480.0,14.0,12.0,16.0,4.7,2.8,3,False,False,True
Intel® Core™ i7-1265U Processor,426.0,14.0,10.0,12.0,4.8,2.8,3,False,False,True
Intel® Core™ i7-1270P Processor,438.0,14.0,12.0,16.0,4.8,2.8,3,False,False,True
Intel® Core™ i7-1280P Processor,482.0,14.0,14.0,20.0,4.8,2.8,3,False,False,True
Intel® Core™ i7-12650H Processor,502.0,14.0,10.0,16.0,4.7,2.8,3,False,False,True
Intel® Core™ i7-12700 Processor,378.0,14.0,12.0,20.0,4.9,2.8,3,True,False,False
Intel® Core™ i7-12700E Processor,378.0,14.0,12.0,20.0,4.8,2.8,3,False,True,False
Intel® Core™ i7-12700F Processor,350.0,14.0,12.0,20.0,4.9,2.8,3,True,False,False
Intel® Core™ i7-12700H Processor,502.0,14.0,14.0,20.0,4.7,2.8,3,False,False,True
Intel® Core™ i7-12700T Processor,373.0,14.0,12.0,20.0,4.7,2.8,3,True,False,False
Intel® Core™ i7-12700TE Processor,378.0,14.0,12.0,20.0,4.6,2.8,3,False,True,False
Intel® Core™ i7-12800H Processor,457.0,14.0,14.0,20.0,4.8,2.8,3,False,False,True
Intel® Core™ i7-12800HE Processor,460.0,14.0,14.0,20.0,4.4,2.4,3,False,True,False
Intel® Core™ i7-12700K Processor,455.0,14.0,12.0,20.0,5.0,2.8,3,True,False,False
Intel® Core™ i7-12700KF Processor,427.0,14.0,12.0,20.0,5.0,2.8,3,True,False,False
Intel® Core™ i5-1235UL Processor,277.0,14.0,10.0,12.0,4.4,1.3,3,False,True,False
Intel® Core™ i5-1245UL Processor,309.0,14.0,10.0,12.0,4.4,1.6,3,False,True,False
Intel® Core™ i5-12500HL Processor,279.0,14.0,12.0,16.0,4.5,2.5,3,False,True,False
Intel® Core™ i5-12600HL Processor,311.0,14.0,12.0,16.0,4.5,2.7,3,False,True,False
Intel® Core™ i5-12450HX Processor,312.0,14.0,8.0,12.0,4.4,2.8,3,False,False,True
Intel® Core™ i5-12600HX Processor,284.0,14.0,12.0,16.0,4.6,2.8,3,False,False,True
Intel® Core™ i5-1245UE Processor,312.0,14.0,10.0,12.0,4.4,2.8,3,False,True,False
Intel® Core™ i5-1250PE Processor,323.0,14.0,12.0,16.0,4.4,2.8,3,False,True,False
Intel® Core™ i5-1230U Processor,340.0,14.0,10.0,12.0,4.4,2.8,3,False,False,True
Intel® Core™ i5-1235U Processor,340.0,14.0,10.0,12.0,4.4,2.8,3,False,False,True
Intel® Core™ i5-1235U Processor,340.0,14.0,10.0,12.0,4.4,2.8,3,False,False,True
Intel® Core™ i5-1240P Processor,353.0,14.0,12.0,16.0,4.4,2.8,3,False,False,True
Intel® Core™ i5-1245U Processor,309.0,14.0,10.0,12.0,4.4,2.8,3,False,False,True
Intel® Core™ i5-1250P Processor,320.0,14.0,12.0,16.0,4.4,2.8,3,False,False,True
Intel® Core™ i5-12400 Processor,216.0,14.0,6.0,12.0,4.4,2.8,3,True,False,False
Intel® Core™ i5-12400F Processor,189.0,14.0,6.0,12.0,4.4,2.8,3,True,False,False
Intel® Core™ i5-12400T Processor,211.0,14.0,6.0,12.0,4.2,2.8,3,True,False,False
Intel® Core™ i5-12450H Processor,342.0,14.0,8.0,12.0,4.4,2.8,3,False,False,True
Intel® Core™ i5-12500 Processor,227.0,14.0,6.0,12.0,4.6,2.8,3,True,False,False
Intel® Core™ i5-12500E Processor,225.0,14.0,6.0,12.0,4.5,2.8,3,False,True,False
Intel® Core™ i5-12500H Processor,342.0,14.0,12.0,16.0,4.5,2.8,3,False,False,True
Intel® Core™ i5-12500T Processor,222.0,14.0,6.0,12.0,4.4,2.8,3,True,False,False
Intel® Core™ i5-12500TE Processor,225.0,14.0,6.0,12.0,4.3,2.8,3,False,True,False
Intel® Core™ i5-12600 Processor,250.0,14.0,6.0,12.0,4.8,2.8,3,True,False,False
Intel® Core™ i5-12600H Processor,311.0,14.0,12.0,16.0,4.5,2.8,3,False,False,True
Intel® Core™ i5-12600HE Processor,315.0,14.0,12.0,16.0,4.4,2.5,3,False,True,False
Intel® Core™ i5-12600T Processor,245.0,14.0,6.0,12.0,4.6,2.8,3,True,False,False
Intel® Core™ i5-12600K Processor,323.0,14.0,10.0,16.0,4.9,2.8,3,True,False,False
Intel® Core™ i5-12600KF Processor,295.0,14.0,10.0,16.0,4.9,2.8,3,True,False,False
Intel® Core™ i3-1215UL Processor,285.0,14.0,6.0,8.0,4.4,1.2,3,False,True,False
Intel® Core™ i3-1215UE Processor,285.0,14.0,6.0,8.0,4.4,2.8,3,False,True,False
Intel® Core™ i3-1220PE Processor,295.0,14.0,8.0,12.0,4.4,2.8,3,False,True,False
Intel® Core™ i3-1215U Processor,309.0,14.0,6.0,8.0,4.4,2.8,3,False,False,True
Intel® Core™ i3-1215U Processor,309.0,14.0,6.0,8.0,4.4,2.8,3,False,False,True
Intel® Core™ i3-1220P Processor,309.0,14.0,10.0,12.0,4.4,2.8,3,False,False,True
Intel® Core™ i3-12100 Processor,139.0,14.0,4.0,8.0,4.3,2.8,3,True,False,False
Intel® Core™ i3-12100E Processor,138.0,14.0,4.0,8.0,4.2,2.8,3,False,True,False
Intel® Core™ i3-12100F Processor,112.0,14.0,4.0,8.0,4.3,2.8,3,True,False,False
Intel® Core™ i3-12100T Processor,134.0,14.0,4.0,8.0,4.1,2.8,3,True,False,False
Intel® Core™ i3-12100TE Processor,138.0,14.0,4.0,8.0,4.0,2.8,3,False,True,False
Intel® Core™ i3-12300 Processor,157.0,14.0,4.0,8.0,4.4,2.8,3,True,False,False
Intel® Core™ i3-12300HE Processor,306.0,14.0,8.0,12.0,4.4,1.9,3,False,True,False
Intel® Core™ i3-12300T Processor,157.0,14.0,4.0,8.0,4.2,2.8,3,True,False,False
Intel® Core™ i3-N300 Processor,309.0,14.0,8.0,8.0,3.8,2.8,3,False,False,True
Intel® Core™ i3-N305 Processor,309.0,14.0,8.0,8.0,3.8,2.8,3,False,False,True
Intel® Core™ i9-11900H Processor,599.0,10.0,8.0,16.0,4.9,2.8,3,False,False,True
Intel® Core™ i9-11950H Processor,556.0,10.0,8.0,16.0,5.0,2.8,3,False,False,True
Intel® Core™ i9-11980HK Processor,643.0,10.0,8.0,16.0,5.0,2.8,3,False,False,True
Intel® Core™ i9-11900 Processor,488.0,14.0,8.0,16.0,5.2,2.5,3,True,False,False
Intel® Core™ i9-11900F Processor,469.0,14.0,8.0,16.0,5.2,2.5,3,True,False,False
Intel® Core™ i9-11900K Processor,598.0,14.0,8.0,16.0,5.3,3.5,3,True,False,False
Intel® Core™ i9-11900KF Processor,569.0,14.0,8.0,16.0,5.3,3.5,3,True,False,False
Intel® Core™ i9-11900T Processor,483.0,14.0,8.0,16.0,4.9,1.5,3,True,False,False
Intel® Core™ i7-11850HE Processor,400.0,10.0,8.0,16.0,4.7,2.8,3,False,True,False
Intel® Core™ i7-11600H Processor,435.0,10.0,6.0,12.0,4.6,2.8,3,False,False,True
Intel® Core™ i7-11390H Processor,469.0,10.0,4.0,8.0,5.0,2.8,3,False,False,True
Intel® Core™ i7-1195G7 Processor,469.0,10.0,4.0,8.0,5.0,2.8,3,False,False,True
Intel® Core™ i7-1195G7 Processor,469.0,10.0,4.0,8.0,5.0,2.8,3,False,False,True
Intel® Core™ i7-11800H Processor,435.0,10.0,8.0,16.0,4.6,2.8,3,False,False,True
Intel® Core™ i7-11850H Processor,395.0,10.0,8.0,16.0,4.8,2.8,3,False,False,True
Intel® Core™ i7-11700 Processor,360.0,14.0,8.0,16.0,4.9,2.5,3,True,False,False
Intel® Core™ i7-11700F Processor,333.0,14.0,8.0,16.0,4.9,2.5,3,True,False,False
Intel® Core™ i7-11700K Processor,444.0,14.0,8.0,16.0,5.0,3.6,3,True,False,False
Intel® Core™ i7-11700KF Processor,416.0,14.0,8.0,16.0,5.0,3.6,3,True,False,False
Intel® Core™ i7-11700T Processor,355.0,14.0,8.0,16.0,4.6,1.4,3,True,False,False
Intel® Core™ i7-11370H Processor,469.0,10.0,4.0,8.0,4.8,2.8,3,False,False,True
Intel® Core™ i7-11375H Processor,530.0,10.0,4.0,8.0,5.0,2.8,3,False,False,True
Intel® Core™ i7-1180G7 Processor,426.0,10.0,4.0,8.0,4.6,2.8,3,False,False,True
Intel® Core™ i7-1185G7E Processor,431.0,10.0,4.0,8.0,4.4,1.8,3,False,True,False
Intel® Core™ i7-1185GRE Processor,490.0,10.0,4.0,8.0,4.4,1.8,3,False,True,False
Intel® Core™ i7-1160G7 Processor,469.0,10.0,4.0,8.0,4.4,2.8,3,False,False,True
Intel® Core™ i7-1165G7 Processor,469.0,10.0,4.0,8.0,4.7,2.8,3,False,False,True
Intel® Core™ i7-1165G7 Processor,469.0,10.0,4.0,8.0,4.7,2.8,3,False,False,True
Intel® Core™ i7-1185G7 Processor,178.5,10.0,4.0,8.0,4.8,2.8,3,False,False,True
Intel® Core™ i5-11500HE Processor,256.0,10.0,6.0,12.0,4.5,2.8,3,False,True,False
Intel® Core™ i5-11320H Processor,340.0,10.0,4.0,8.0,4.5,2.8,3,False,False,True
Intel® Core™ i5-1155G7 Processor,340.0,10.0,4.0,8.0,4.5,2.8,3,False,False,True
Intel® Core™ i5-1155G7 Processor,340.0,10.0,4.0,8.0,4.5,2.8,3,False,False,True
Intel® Core™ i5-11260H Processor,275.0,10.0,6.0,12.0,4.4,2.8,3,False,False,True
Intel® Core™ i5-11400H Processor,275.0,10.0,6.0,12.0,4.5,2.8,3,False,False,True
Intel® Core™ i5-11500H Processor,250.0,10.0,6.0,12.0,4.6,2.8,3,False,False,True
Intel® Core™ i5-11400 Processor,205.0,14.0,6.0,12.0,4.4,2.6,3,True,False,False
Intel® Core™ i5-11400F Processor,178.0,14.0,6.0,12.0,4.4,2.6,3,True,False,False
Intel® Core™ i5-11400T Processor,200.0,14.0,6.0,12.0,3.7,1.3,3,True,False,False
Intel® Core™ i5-11500 Processor,216.0,14.0,6.0,12.0,4.6,2.7,3,True,False,False
Intel® Core™ i5-11500T Processor,211.0,14.0,6.0,12.0,3.9,1.5,3,True,False,False
Intel® Core™ i5-11600 Processor,239.0,14.0,6.0,12.0,4.8,2.8,3,True,False,False
Intel® Core™ i5-11600K Processor,293.0,14.0,6.0,12.0,4.9,3.9,3,True,False,False
Intel® Core™ i5-11600KF Processor,266.0,14.0,6.0,12.0,4.9,3.9,3,True,False,False
Intel® Core™ i5-11600T Processor,234.0,14.0,6.0,12.0,4.1,1.7,3,True,False,False
Intel® Core™ i5-11300H Processor,340.0,10.0,4.0,8.0,4.4,2.8,3,False,False,True
Intel® Core™ i5-1140G7 Processor,309.0,10.0,4.0,8.0,4.2,2.8,3,False,False,True
Intel® Core™ i5-1145G7 Processor,309.0,10.0,4.0,8.0,4.4,2.8,3,False,False,True
Intel® Core™ i5-1145G7E Processor,312.0,10.0,4.0,8.0,4.1,1.5,3,False,True,False
Intel® Core™ i5-1145GRE Processor,362.0,10.0,4.0,8.0,4.1,1.5,3,False,True,False
Intel® Core™ i5-1130G7 Processor,340.0,10.0,4.0,8.0,4.0,2.8,3,False,False,True
Intel® Core™ i5-1135G7 Processor,340.0,10.0,4.0,8.0,4.2,2.8,3,False,False,True
Intel® Core™ i5-1135G7 Processor,340.0,10.0,4.0,8.0,4.2,2.8,3,False,False,True
Intel® Core™ i3-11100HE Processor,233.0,10.0,4.0,8.0,4.4,2.8,3,False,True,False
Intel® Core™ i3-1115G4E Processor,285.0,10.0,2.0,4.0,3.9,2.2,3,False,True,False
Intel® Core™ i3-1115GRE Processor,338.0,10.0,2.0,4.0,3.9,2.2,3,False,True,False
Intel® Core™ i3-1120G4 Processor,309.0,10.0,4.0,8.0,3.5,2.8,3,False,False,True
Intel® Core™ i3-1125G4 Processor,309.0,10.0,4.0,8.0,3.7,2.8,3,False,False,True
Intel® Core™ i3-1125G4 Processor,309.0,10.0,4.0,8.0,3.7,2.8,3,False,False,True
Intel® Core™ i3-1110G4 Processor,309.0,10.0,2.0,4.0,3.9,2.8,3,False,False,True
Intel® Core™ i3-1115G4 Processor,309.0,10.0,2.0,4.0,4.1,2.8,3,False,False,True
Intel® Core™ i3-1115G4 Processor,309.0,10.0,2.0,4.0,4.1,2.8,3,False,False,True
Intel® Core™ i9-10850K Processor,486.0,14.0,10.0,20.0,5.2,3.6,3,True,False,False
Intel® Core™ i9-10885H Processor,556.0,14.0,8.0,16.0,5.3,2.4,3,False,False,True
Intel® Core™ i9-10900 Processor,488.0,14.0,10.0,20.0,5.2,2.8,3,True,False,False
Intel® Core™ i9-10900E Processor,488.0,14.0,10.0,20.0,4.7,2.8,3,False,True,False
Intel® Core™ i9-10900F Processor,469.0,14.0,10.0,20.0,5.2,2.8,3,True,False,False
Intel® Core™ i9-10900K Processor,542.0,14.0,10.0,20.0,5.3,3.7,3,True,False,False
Intel® Core™ i9-10900KF Processor,514.0,14.0,10.0,20.0,5.3,3.7,3,True,False,False
Intel® Core™ i9-10900T Processor,483.0,14.0,10.0,20.0,4.6,1.9,3,True,False,False
Intel® Core™ i9-10900TE Processor,488.0,14.0,10.0,20.0,4.5,1.8,3,False,True,False
Intel® Core™ i9-10980HK Processor,643.0,14.0,8.0,16.0,5.3,2.4,3,False,False,True
Intel® Core™ i7-10870H Processor,460.0,14.0,8.0,16.0,5.0,2.2,3,False,False,True
Intel® Core™ i7-10610U Processor,409.0,14.0,4.0,8.0,4.9,1.8,3,False,False,True
Intel® Core™ i7-10810U Processor,443.0,14.0,6.0,12.0,4.9,1.1,3,False,False,True
Intel® Core™ i7-10700 Processor,360.0,14.0,8.0,16.0,4.8,2.9,3,True,False,False
Intel® Core™ i7-10700E Processor,363.0,14.0,8.0,16.0,4.5,2.9,3,False,True,False
Intel® Core™ i7-10700F Processor,333.0,14.0,8.0,16.0,4.8,2.9,3,True,False,False
Intel® Core™ i7-10700K Processor,416.0,14.0,8.0,16.0,5.1,3.8,3,True,False,False
Intel® Core™ i7-10700KF Processor,389.0,14.0,8.0,16.0,5.1,3.8,3,True,False,False
Intel® Core™ i7-10700T Processor,355.0,14.0,8.0,16.0,4.5,2.0,3,True,False,False
Intel® Core™ i7-10700TE Processor,363.0,14.0,8.0,16.0,4.4,2.0,3,False,True,False
Intel® Core™ i7-10750H Processor,435.0,14.0,6.0,12.0,5.0,2.6,3,False,False,True
Intel® Core™ i7-10850H Processor,395.0,14.0,6.0,12.0,5.1,2.7,3,False,False,True
Intel® Core™ i7-10875H Processor,450.0,14.0,8.0,16.0,5.1,2.3,3,False,False,True
Intel® Core™ i7-10510U Processor,450.0,14.0,4.0,8.0,4.9,1.8,3,False,False,True
Intel® Core™ i7-10710U Processor,487.0,14.0,6.0,12.0,4.7,1.1,3,False,False,True
Intel® Core™ i7-1065G7 Processor,469.0,10.0,4.0,8.0,3.9,1.3,3,False,False,True
Intel® Core™ i5-10505 Processor,211.0,14.0,6.0,12.0,4.6,3.2,3,True,False,False
Intel® Core™ i5-10500H Processor,275.0,14.0,6.0,12.0,4.5,2.5,3,False,False,True
Intel® Core™ i5-10200H Processor,275.0,14.0,4.0,8.0,4.1,2.4,3,False,False,True
Intel® Core™ i5-10310U Processor,297.0,14.0,4.0,8.0,4.4,1.7,3,False,False,True
Intel® Core™ i5-10400 Processor,205.0,14.0,6.0,12.0,4.3,2.9,3,True,False,False
Intel® Core™ i5-10400F Processor,178.0,14.0,6.0,12.0,4.3,2.9,3,True,False,False
Intel® Core™ i5-10400T Processor,200.0,14.0,6.0,12.0,3.6,2.0,3,True,False,False
Intel® Core™ i5-10500 Processor,216.0,14.0,6.0,12.0,4.5,3.1,3,True,False,False
Intel® Core™ i5-10500E Processor,214.0,14.0,6.0,12.0,4.2,3.1,3,False,True,False
Intel® Core™ i5-10500T Processor,211.0,14.0,6.0,12.0,3.8,2.3,3,True,False,False
Intel® Core™ i5-10500TE Processor,214.0,14.0,6.0,12.0,3.7,2.3,3,False,True,False
Intel® Core™ i5-10600 Processor,239.0,14.0,6.0,12.0,4.8,3.3,3,True,False,False
Intel® Core™ i5-10600K Processor,293.0,14.0,6.0,12.0,4.8,4.1,3,True,False,False
Intel® Core™ i5-10600KF Processor,266.0,14.0,6.0,12.0,4.8,4.1,3,True,False,False
Intel® Core™ i5-10600T Processor,234.0,14.0,6.0,12.0,4.0,2.4,3,True,False,False
Intel® Core™ i5-10300H Processor,275.0,14.0,4.0,8.0,4.5,2.5,3,False,False,True
Intel® Core™ i5-10210U Processor,328.0,14.0,4.0,8.0,4.2,1.6,3,False,False,True
Intel® Core™ i5-10210Y Processor,321.0,14.0,4.0,8.0,4.0,1.0,3,False,False,True
Intel® Core™ i5-1035G1 Processor,312.5,10.0,4.0,8.0,3.6,1.0,3,False,False,True
Intel® Core™ i5-1035G4 Processor,340.0,10.0,4.0,8.0,3.7,1.1,3,False,False,True
Intel® Core™ i5-1035G7 Processor,353.0,10.0,4.0,8.0,3.7,1.2,3,False,False,True
Intel® Core™ i3-10105 Processor,139.0,14.0,4.0,8.0,4.4,3.7,3,True,False,False
Intel® Core™ i3-10105F Processor,112.0,14.0,4.0,8.0,4.4,3.7,3,True,False,False
Intel® Core™ i3-10105T Processor,134.0,14.0,4.0,8.0,3.9,3.0,3,True,False,False
Intel® Core™ i3-10305 Processor,162.0,14.0,4.0,8.0,4.5,3.8,3,True,False,False
Intel® Core™ i3-10305T Processor,157.0,14.0,4.0,8.0,4.0,3.0,3,True,False,False
Intel® Core™ i3-10100F Processor,112.0,14.0,4.0,8.0,4.3,3.6,3,True,False,False
Intel® Core™ i3-10100 Processor,139.0,14.0,4.0,8.0,4.3,3.6,3,True,False,False
Intel® Core™ i3-10100E Processor,138.0,14.0,4.0,8.0,3.8,3.2,3,False,True,False
Intel® Core™ i3-10100T Processor,134.0,14.0,4.0,8.0,3.8,3.0,3,True,False,False
Intel® Core™ i3-10100TE Processor,138.0,14.0,4.0,8.0,3.6,2.3,3,False,True,False
Intel® Core™ i3-10300 Processor,162.0,14.0,4.0,8.0,4.4,3.7,3,True,False,False
Intel® Core™ i3-10300T Processor,157.0,14.0,4.0,8.0,3.9,3.0,3,True,False,False
Intel® Core™ i3-10320 Processor,174.0,14.0,4.0,8.0,4.6,3.8,3,True,False,False
Intel® Core™ i3-10110U Processor,309.0,14.0,2.0,4.0,4.1,2.1,3,False,False,True
Intel® Core™ i3-10110Y Processor,316.0,14.0,2.0,4.0,4.0,1.0,3,False,False,True
Intel® Core™ i3-1005G1 Processor,309.0,10.0,2.0,4.0,3.4,1.2,3,False,False,True
Intel® Core™ i9-9900KS Processor,524.0,14.0,8.0,16.0,5.0,4.0,3,True,False,False
Intel® Core™ i9-9880H Processor,556.0,14.0,8.0,16.0,4.8,2.3,3,False,False,True
Intel® Core™ i9-9900 Processor,444.0,14.0,8.0,16.0,5.0,3.1,3,True,False,False
Intel® Core™ i9-9900T Processor,439.0,14.0,8.0,16.0,4.4,2.1,3,True,False,False
Intel® Core™ i9-9980HK Processor,583.0,14.0,8.0,16.0,5.0,2.4,3,False,False,True
Intel® Core™ i9-9900KF Processor,463.0,14.0,8.0,16.0,5.0,3.6,3,True,False,False
Intel® Core™ i9-9900K Processor,493.5,14.0,8.0,16.0,5.0,3.6,3,True,False,False
Intel® Core™ i7-9700E Processor,323.0,14.0,8.0,8.0,4.4,2.6,0,False,True,False
Intel® Core™ i7-9700TE Processor,323.0,14.0,8.0,8.0,3.8,1.8,0,False,True,False
Intel® Core™ i7-9850HE Processor,395.0,14.0,6.0,12.0,4.4,2.7,0,False,True,False
Intel® Core™ i7-9850HL Processor,395.0,14.0,6.0,12.0,4.1,1.9,0,False,True,False
Intel® Core™ i7-9700 Processor,328.0,14.0,8.0,8.0,4.7,3.0,3,True,False,False
Intel® Core™ i7-9700F Processor,303.0,14.0,8.0,8.0,4.7,3.0,3,True,False,False
Intel® Core™ i7-9700T Processor,323.0,14.0,8.0,8.0,4.3,2.0,3,True,False,False
Intel® Core™ i7-9700KF Processor,349.0,14.0,8.0,8.0,4.9,3.6,3,True,False,False
Intel® Core™ i7-9700K Processor,379.5,14.0,8.0,8.0,4.9,3.6,3,True,False,False
Intel® Core™ i5-9500E Processor,192.0,14.0,6.0,6.0,4.2,3.0,0,False,True,False
Intel® Core™ i5-9400T Processor,182.0,14.0,6.0,6.0,3.4,1.8,3,True,False,False
Intel® Core™ i5-9500 Processor,197.0,14.0,6.0,6.0,4.4,3.0,3,True,False,False
Intel® Core™ i5-9500F Processor,172.0,14.0,6.0,6.0,4.4,3.0,3,True,False,False
Intel® Core™ i5-9500T Processor,192.0,14.0,6.0,6.0,3.7,2.2,3,True,False,False
Intel® Core™ i5-9600 Processor,218.5,14.0,6.0,6.0,4.6,3.1,3,True,False,False
Intel® Core™ i5-9600T Processor,213.0,14.0,6.0,6.0,3.9,2.3,3,True,False,False
Intel® Core™ i5-9400 Processor,182.0,14.0,6.0,6.0,4.1,2.9,3,True,False,False
Intel® Core™ i5-9400F Processor,157.0,14.0,6.0,6.0,4.1,2.9,3,True,False,False
Intel® Core™ i5-9600KF Processor,237.0,14.0,6.0,6.0,4.6,3.7,3,True,False,False
Intel® Core™ i5-9600K Processor,267.0,14.0,6.0,6.0,4.6,3.7,3,True,False,False
Intel® Core™ i5-9500TE Processor,192.0,14.0,6.0,6.0,3.6,2.2,0,False,True,False
Intel® Core™ i3-9100E Processor,122.0,14.0,4.0,4.0,3.7,3.1,0,False,True,False
Intel® Core™ i3-9100HL Processor,225.0,14.0,4.0,4.0,2.9,1.6,0,False,True,False
Intel® Core™ i3-9100TE Processor,122.0,14.0,4.0,4.0,3.2,2.2,0,False,True,False
Intel® Core™ i3-9100 Processor,122.0,14.0,4.0,4.0,4.2,3.6,3,True,False,False
Intel® Core™ i3-9100F Processor,97.0,14.0,4.0,4.0,4.2,3.6,3,True,False,False
Intel® Core™ i3-9100T Processor,122.0,14.0,4.0,4.0,3.7,3.1,3,True,False,False
Intel® Core™ i3-9300 Processor,152.0,14.0,4.0,4.0,4.3,3.7,3,True,False,False
Intel® Core™ i3-9300T Processor,143.0,14.0,4.0,4.0,3.8,3.2,3,True,False,False
Intel® Core™ i3-9320 Processor,158.0,14.0,4.0,4.0,4.4,3.7,3,True,False,False
Intel® Core™ i3-9350K Processor,178.5,14.0,4.0,4.0,4.6,4.0,3,True,False,False
Intel® Core™ i3-9350KF Processor,159.0,14.0,4.0,4.0,4.6,4.0,3,True,False,False
Intel® Core™ i9-8950HK Processor,583.0,14.0,6.0,12.0,4.8,2.9,3,False,False,True
Intel® Core™ i7-8557U Processor,431.0,14.0,4.0,8.0,4.5,1.7,3,False,False,True
Intel® Core™ i7-8569U Processor,431.0,14.0,4.0,8.0,4.7,2.8,3,False,False,True
Intel® Core™ i7-8665UE Processor,409.0,14.0,4.0,8.0,4.4,1.7,3,False,True,False
Intel® Core™ i7-8565U Processor,409.0,14.0,4.0,8.0,4.6,1.8,3,False,False,True
Intel® Core™ i7-8559U Processor,431.0,14.0,4.0,8.0,4.5,2.7,3,False,False,True
Intel® Core™ i7-8700B Processor,303.0,14.0,6.0,12.0,4.6,3.2,3,False,False,True
Intel® Core™ i7-8700T Processor,303.0,14.0,6.0,12.0,4.0,2.4,3,True,False,False
Intel® Core™ i7-8750H Processor,395.0,14.0,6.0,12.0,4.1,2.2,3,False,False,True
Intel® Core™ i7-8850H Processor,395.0,14.0,6.0,12.0,4.3,2.6,3,False,False,True
Intel® Core™ i7-8700 Processor,303.0,14.0,6.0,12.0,4.6,3.2,3,True,False,False
Intel® Core™ i7-8700K Processor,359.0,14.0,6.0,12.0,4.7,3.7,3,True,False,False
Intel® Core™ i7-8650U Processor,409.0,14.0,4.0,8.0,4.2,1.9,3,False,False,True
Intel® Core™ i5-8257U Processor,320.0,14.0,4.0,8.0,3.9,1.4,3,False,False,True
Intel® Core™ i5-8279U Processor,544.0,14.0,4.0,8.0,4.1,2.4,3,False,False,True
Intel® Core™ i5-8365U Processor,297.0,14.0,4.0,8.0,4.1,1.6,3,False,False,True
Intel® Core™ i5-8310Y Processor,281.0,14.0,2.0,4.0,3.9,1.6,3,False,False,True
Intel® Core™ i5-8365UE Processor,297.0,14.0,4.0,8.0,4.1,1.6,3,False,True,False
Intel® Core™ i5-8200Y Processor,291.0,14.0,2.0,4.0,3.9,1.3,3,False,False,True
Intel® Core™ i5-8265U Processor,297.0,14.0,4.0,8.0,3.9,1.6,3,False,False,True
Intel® Core™ i5-8259U Processor,320.0,14.0,4.0,8.0,3.8,2.3,3,False,False,True
Intel® Core™ i5-8269U Processor,320.0,14.0,4.0,8.0,4.2,2.6,3,False,False,True
Intel® Core™ i5-8300H Processor,250.0,14.0,4.0,8.0,4.0,2.3,3,False,False,True
Intel® Core™ i5-8400H Processor,250.0,14.0,4.0,8.0,4.2,2.5,3,False,False,True
Intel® Core™ i5-8500 Processor,192.0,14.0,6.0,6.0,4.1,3.0,3,True,False,False
Intel® Core™ i5-8500B Processor,192.0,14.0,6.0,6.0,4.1,3.0,3,False,False,True
Intel® Core™ i5-8500T Processor,192.0,14.0,6.0,6.0,3.5,2.1,3,True,False,False
Intel® Core™ i5-8600 Processor,213.0,14.0,6.0,6.0,4.3,3.1,3,True,False,False
Intel® Core™ i5-8350U Processor,297.0,14.0,4.0,8.0,3.6,1.7,3,False,False,True
Intel® Core™ i3-8145UE Processor,281.0,14.0,2.0,4.0,3.9,2.2,3,False,True,False
Intel® Core™ i3-8100B Processor,133.0,14.0,4.0,4.0,4.4,3.6,3,False,False,True
Intel® Core™ i3-8145U Processor,281.0,14.0,2.0,4.0,3.9,2.1,3,False,False,True
Intel® Core™ i3-8100T Processor,117.0,14.0,4.0,4.0,4.4,3.1,3,True,False,False
Intel® Core™ i3-8130U Processor,281.0,14.0,2.0,4.0,3.4,2.2,3,False,False,True
Intel® Core™ i3-8100H Processor,225.0,14.0,4.0,4.0,4.4,3.0,3,False,False,True
Intel® Core™ i3-8100 Processor,117.0,14.0,4.0,4.0,4.4,3.6,3,True,False,False
Intel® Core™ i7-7560U Processor,415.0,14.0,2.0,4.0,3.8,2.4,0,False,False,True
Intel® Core™ i7-7660U Processor,415.0,14.0,2.0,4.0,4.0,2.5,0,False,False,True
Intel® Core™ i7-7700 Processor,303.0,14.0,4.0,8.0,4.2,3.6,3,True,False,False
Intel® Core™ i7-7700K Processor,339.0,14.0,4.0,8.0,4.5,4.2,3,True,False,False
Intel® Core™ i7-7700T Processor,303.0,14.0,4.0,8.0,3.8,2.9,3,True,False,False
Intel® Core™ i7-7820EQ Processor,378.0,14.0,4.0,8.0,3.7,3.0,0,False,True,False
Intel® Core™ i7-7820HQ Processor,378.0,14.0,4.0,8.0,3.9,2.9,0,False,False,True
Intel® Core™ i7-7600U Processor,393.0,14.0,2.0,4.0,3.9,2.8,3,False,False,True
Intel® Core™ i7-7Y75 Processor,393.0,14.0,2.0,4.0,3.6,1.3,3,False,False,True
Intel® Core™ i5-7300U Processor,281.0,14.0,2.0,4.0,3.5,2.6,3,False,False,True
Intel® Core™ i5-7360U Processor,304.0,14.0,2.0,4.0,3.6,2.3,0,False,False,True
Intel® Core™ i5-7400 Processor,182.0,14.0,4.0,4.0,3.5,3.0,3,True,False,False
Intel® Core™ i5-7400T Processor,182.0,14.0,4.0,4.0,3.0,2.4,3,True,False,False
Intel® Core™ i5-7440EQ Processor,250.0,14.0,4.0,4.0,3.6,2.9,0,False,True,False
Intel® Core™ i5-7442EQ Processor,250.0,14.0,4.0,4.0,2.9,2.1,0,False,True,False
Intel® Core™ i5-7500 Processor,192.0,14.0,4.0,4.0,3.8,3.4,3,True,False,False
Intel® Core™ i5-7500T Processor,192.0,14.0,4.0,4.0,3.3,2.7,3,True,False,False
Intel® Core™ i5-7600K Processor,242.0,14.0,4.0,4.0,4.2,3.8,3,True,False,False
Intel® Core™ i5-7Y57 Processor,281.0,14.0,2.0,4.0,3.3,1.2,3,False,False,True
Intel® Core™ i3-7020U Processor,281.0,14.0,2.0,4.0,4.4,2.3,3,False,False,True
Intel® Core™ i3-7130U Processor,281.0,14.0,2.0,4.0,4.4,2.7,3,False,False,True
Intel® Core™ i3-7100E Processor,225.0,14.0,2.0,4.0,4.4,2.9,0,False,True,False
Intel® Core™ i3-7101E Processor,117.0,14.0,2.0,4.0,4.4,3.9,3,True,False,False
Intel® Core™ i3-7101TE Processor,117.0,14.0,2.0,4.0,4.4,3.4,3,True,False,False
Intel® Core™ i3-7102E Processor,225.0,14.0,2.0,4.0,4.4,2.1,0,False,True,False
Intel® Core™ i3-7100U Processor,281.0,14.0,2.0,4.0,4.4,2.4,3,False,False,True
Intel® Core™ m3-7Y32 Processor,281.0,14.0,2.0,4.0,3.0,1.1,3,False,False,True
Intel® Core™ i7-6660U Processor,415.0,14.0,2.0,4.0,3.4,2.4,3,False,False,True
Intel® Core™ i7-6770HQ Processor,434.0,14.0,4.0,8.0,3.5,2.6,3,False,False,True
Intel® Core™ i7-6700TE Processor,303.0,14.0,4.0,8.0,3.4,2.4,3,False,True,False
Intel® Core™ i7-6820EQ Processor,378.0,14.0,4.0,8.0,3.5,2.8,3,False,True,False
Intel® Core™ i7-6822EQ Processor,378.0,14.0,4.0,8.0,2.8,2.0,3,False,True,False
Intel® Core™ i7-6600U Processor,393.0,14.0,2.0,4.0,3.4,2.6,3,False,False,True
Intel® Core™ i7-6700 Processor,303.0,14.0,4.0,8.0,4.0,3.4,3,True,False,False
Intel® Core™ i7-6700HQ Processor,378.0,14.0,4.0,8.0,3.5,2.6,3,False,False,True
Intel® Core™ i7-6820HQ Processor,378.0,14.0,4.0,8.0,3.6,2.7,3,False,False,True
Intel® Core™ i7-6920HQ Processor,568.0,14.0,4.0,8.0,3.8,2.9,3,False,False,True
Intel® Core™ i5-6350HQ Processor,306.0,14.0,4.0,4.0,3.2,2.3,3,False,False,True
Intel® Core™ i5-6440EQ Processor,250.0,14.0,4.0,4.0,3.4,2.7,3,False,True,False
Intel® Core™ i5-6442EQ Processor,250.0,14.0,4.0,4.0,2.7,1.9,3,False,True,False
Intel® Core™ i5-6500TE Processor,192.0,14.0,4.0,4.0,3.3,2.3,3,False,True,False
Intel® Core™ i5-6267U Processor,304.0,14.0,2.0,4.0,3.3,2.9,3,False,False,True
Intel® Core™ i5-6287U Processor,304.0,14.0,2.0,4.0,3.5,3.1,3,False,False,True
Intel® Core™ i5-6300U Processor,281.0,14.0,2.0,4.0,3.0,2.4,3,False,False,True
Intel® Core™ i5-6360U Processor,304.0,14.0,2.0,4.0,3.1,2.0,3,False,False,True
Intel® Core™ i5-6400 Processor,182.0,14.0,4.0,4.0,3.3,2.7,3,True,False,False
Intel® Core™ i5-6400T Processor,182.0,14.0,4.0,4.0,2.8,2.2,3,True,False,False
Intel® Core™ i5-6440HQ Processor,250.0,14.0,4.0,4.0,3.5,2.6,3,False,False,True
Intel® Core™ i5-6500 Processor,192.0,14.0,4.0,4.0,3.6,3.2,3,True,False,False
Intel® Core™ i5-6600 Processor,213.0,14.0,4.0,4.0,3.9,3.3,3,True,False,False
Intel® Core™ i5-6600K Processor,242.0,14.0,4.0,4.0,3.9,3.5,3,True,False,False
Intel® Core™ i3-6100E Processor,225.0,14.0,2.0,4.0,4.4,2.7,3,False,True,False
Intel® Core™ i3-6100TE Processor,117.0,14.0,2.0,4.0,4.4,2.7,3,False,True,False
Intel® Core™ i3-6102E Processor,225.0,14.0,2.0,4.0,4.4,1.9,3,False,True,False
Intel® Core™ i3-6100 Processor,117.0,14.0,2.0,4.0,4.4,3.7,3,True,False,False
Intel® Core™ i3-6100T Processor,117.0,14.0,2.0,4.0,4.4,3.2,3,True,False,False
Intel® Core™ i3-6100U Processor,281.0,14.0,2.0,4.0,4.4,2.3,3,False,False,True
Intel® Core™ m3-6Y30 Processor,281.0,14.0,2.0,4.0,2.2,0.9,3,False,False,True
Intel® Core™ m5-6Y54 Processor,281.0,14.0,2.0,4.0,2.7,1.1,3,False,False,True
Intel® Core™ m7-6Y75 Processor,393.0,14.0,2.0,4.0,3.1,1.2,3,False,False,True
Intel® Core™ i7-5557U Processor,426.0,14.0,2.0,4.0,3.4,3.1,0,False,False,True
Intel® Core™ i5-5575R Processor,244.0,14.0,4.0,8.0,3.3,2.8,0,True,False,False
Intel® Core™ i5-5250U Processor,315.0,14.0,2.0,4.0,2.7,1.6,0,False,False,True
Intel® Core™ i5-5257U Processor,315.0,14.0,2.0,4.0,3.1,2.7,0,False,False,True
Intel® Core™ i3-5010U Processor,281.0,14.0,2.0,4.0,4.4,2.1,0,False,False,True
Intel® Core™ i7-4790K Processor,350.0,22.0,4.0,8.0,4.4,4.0,3,True,False,False
Intel® Core™ i7-4790 Processor,312.0,22.0,4.0,8.0,4.0,3.6,3,True,False,False
Intel® Core™ i7-4790S Processor,312.0,22.0,4.0,8.0,4.0,3.2,3,True,False,False
Intel® Core™ i7-4910MQ Processor,570.0,22.0,4.0,8.0,3.9,2.9,3,False,False,True
Intel® Core™ i7-4771 Processor,320.0,22.0,4.0,8.0,3.9,3.5,3,True,False,False
Intel® Core™ i7-4770 Processor,312.0,22.0,4.0,8.0,3.9,3.4,3,True,False,False
Intel® Core™ i7-4770K Processor,350.0,22.0,4.0,8.0,3.9,3.5,3,True,False,False
Intel® Core™ i7-4800MQ Processor,380.0,22.0,4.0,8.0,3.7,2.7,3,False,False,True
Intel® Core™ i7-4900MQ Processor,570.0,22.0,4.0,8.0,3.8,2.8,3,False,False,True
Intel® Core™ i5-4308U Processor,315.0,22.0,2.0,4.0,3.3,2.8,0,False,False,True
Intel® Core™ i5-4690K Processor,243.0,22.0,4.0,4.0,3.9,3.5,3,True,False,False
Intel® Core™ i5-4460 Processor,184.5,22.0,4.0,4.0,3.4,3.2,3,True,False,False
Intel® Core™ i5-4590 Processor,202.0,22.0,4.0,4.0,3.7,3.3,3,True,False,False
Intel® Core™ i5-4590S Processor,202.0,22.0,4.0,4.0,3.7,3.0,3,True,False,False
Intel® Core™ i5-4690 Processor,224.0,22.0,4.0,4.0,3.9,3.5,3,True,False,False
Intel® Core™ i5-4690S Processor,224.0,22.0,4.0,4.0,3.9,3.2,3,True,False,False
Intel® Core™ i5-4300M Processor,227.0,22.0,2.0,4.0,3.3,2.6,3,False,False,True
Intel® Core™ i5-4440 Processor,187.0,22.0,4.0,4.0,3.3,3.1,3,True,False,False
Intel® Core™ i5-4440S Processor,187.0,22.0,4.0,4.0,3.3,2.8,3,True,False,False
Intel® Core™ i5-4200U Processor,281.0,22.0,2.0,4.0,2.6,1.6,3,False,False,True
Intel® Core™ i5-4430 Processor,187.0,22.0,4.0,4.0,3.2,3.0,3,True,False,False
Intel® Core™ i5-4570 Processor,197.0,22.0,4.0,4.0,3.6,3.2,3,True,False,False
Intel® Core™ i5-4570S Processor,195.0,22.0,4.0,4.0,3.6,2.9,3,True,False,False
Intel® Core™ i5-4570T Processor,195.0,22.0,2.0,4.0,3.6,2.9,3,True,False,False
Intel® Core™ i5-4670 Processor,224.0,22.0,4.0,4.0,3.8,3.4,3,True,False,False
Intel® Core™ i5-4670K Processor,243.0,22.0,4.0,4.0,3.8,3.4,3,True,False,False
Intel® Core™ i5-4670T Processor,213.0,22.0,4.0,4.0,3.3,2.3,3,True,False,False
Intel® Core™ i3-4170 Processor,117.0,22.0,2.0,4.0,4.4,3.7,0,True,False,False
Intel® Core™ i3-4160 Processor,117.0,22.0,2.0,4.0,4.4,3.6,3,True,False,False
Intel® Core™ i3-4370 Processor,147.0,22.0,2.0,4.0,4.4,3.8,3,True,False,False
Intel® Core™ i3-4150 Processor,117.0,22.0,2.0,4.0,4.4,3.5,3,True,False,False
Intel® Core™ i3-4350 Processor,147.0,22.0,2.0,4.0,4.4,3.6,3,True,False,False
Intel® Core™ i3-4360 Processor,147.0,22.0,2.0,4.0,4.4,3.7,3,True,False,False
Intel® Core™ i3-4130 Processor,117.0,22.0,2.0,4.0,4.4,3.4,3,True,False,False
Intel® Core™ i3-4130T Processor,117.0,22.0,2.0,4.0,4.4,2.9,3,True,False,False
Intel® Core™ i3-4330 Processor,147.0,22.0,2.0,4.0,4.4,3.5,3,True,False,False
Intel® Core™ i3-4340 Processor,157.0,22.0,2.0,4.0,4.4,3.6,3,True,False,False
Intel® Core™ i3-L13G4 Processor,309.0,10.0,5.0,5.0,2.8,0.8,0,False,False,True
Intel® Core™ i5-L16G7 Processor,309.0,10.0,5.0,5.0,3.0,1.4,0,False,False,True
Intel® Core™ i5-3340 Processor,184.5,22.0,4.0,4.0,3.3,3.1,3,True,False,False
Intel® Core™ i5-3340S Processor,187.0,22.0,4.0,4.0,3.3,2.8,3,True,False,False
Intel® Core™ i3-3245 Processor,144.0,22.0,2.0,4.0,4.4,3.4,3,True,False,False
Intel® Core™ i3-3250 Processor,117.0,22.0,2.0,4.0,4.4,3.5,3,True,False,False
Intel® Core™ i3-3210 Processor,117.0,22.0,2.0,4.0,4.4,3.2,3,True,False,False
Intel® Core™ i5-3340M Processor,227.0,22.0,2.0,4.0,3.4,2.7,3,False,False,True
Intel® Core™ i5-3380M Processor,269.0,22.0,2.0,4.0,3.6,2.9,3,False,False,True
Intel® Core™ i7-3740QM Processor,380.0,22.0,4.0,8.0,3.7,2.7,3,False,False,True
Intel® Core™ i3-3220 Processor,117.0,22.0,2.0,4.0,4.4,3.3,3,True,False,False
Intel® Core™ i3-3220T Processor,117.0,22.0,2.0,4.0,4.4,2.8,3,True,False,False
Intel® Core™ i3-3225 Processor,134.0,22.0,2.0,4.0,4.4,3.3,3,True,False,False
Intel® Core™ i3-3240 Processor,117.0,22.0,2.0,4.0,4.4,3.4,3,True,False,False
Intel® Core™ i3-3240T Processor,117.0,22.0,2.0,4.0,4.4,2.9,3,True,False,False
Intel® Core™ i5-3330 Processor,184.5,22.0,4.0,4.0,3.2,3.0,3,True,False,False
Intel® Core™ i5-3350P Processor,177.0,22.0,4.0,4.0,3.3,3.1,3,True,False,False
Intel® Core™ i5-3317U Processor,225.0,22.0,2.0,4.0,2.6,1.7,3,False,False,True
Intel® Core™ i5-3320M Processor,227.0,22.0,2.0,4.0,3.3,2.6,3,False,False,True
Intel® Core™ i5-3360M Processor,269.0,22.0,2.0,4.0,3.5,2.8,3,False,False,True
Intel® Core™ i5-3427U Processor,225.0,22.0,2.0,4.0,2.8,1.8,3,False,False,True
Intel® Core™ i5-3470T Processor,184.0,22.0,2.0,4.0,3.6,2.9,3,True,False,False
Intel® Core™ i5-3570 Processor,213.0,22.0,4.0,4.0,3.8,3.4,3,True,False,False
Intel® Core™ i5-3450 Processor,195.0,22.0,4.0,4.0,3.5,3.1,3,True,False,False
Intel® Core™ i5-3450S Processor,195.0,22.0,4.0,4.0,3.5,2.8,3,True,False,False
Intel® Core™ i5-3550 Processor,213.0,22.0,4.0,4.0,3.7,3.3,3,True,False,False
Intel® Core™ i5-3570K Processor,235.0,22.0,4.0,4.0,3.8,3.4,3,True,False,False
Intel® Core™ i7-3615QE Processor,335.0,22.0,4.0,8.0,3.3,2.3,3,False,True,False
Intel® Core™ i7-3770 Processor,305.0,22.0,4.0,8.0,3.9,3.4,3,True,False,False
Intel® Core™ i7-3770K Processor,342.0,22.0,4.0,8.0,3.9,3.5,3,True,False,False
Intel® Core™ i7-3770S Processor,305.0,22.0,4.0,8.0,3.9,3.1,3,True,False,False
Intel® Core™ i5-2380P Processor,187.0,32.0,4.0,4.0,3.4,3.1,3,True,False,False
Intel® Core™ i5-2450P Processor,205.0,32.0,4.0,4.0,3.5,3.2,3,True,False,False
Intel® Core™ i5-2550K Processor,235.0,32.0,4.0,4.0,3.8,3.4,3,True,False,False
Intel® Core™ i3-2120T Processor,121.0,32.0,2.0,4.0,4.4,2.6,3,True,False,False
Intel® Core™ i3-2125 Processor,144.0,32.0,2.0,4.0,4.4,3.3,3,True,False,False
Intel® Core™ i3-2130 Processor,117.0,32.0,2.0,4.0,4.4,3.4,3,True,False,False
Intel® Core™ i5-2320 Processor,177.0,32.0,4.0,4.0,3.3,3.0,3,True,False,False
Intel® Core™ i7-980 Processor,594.0,32.0,6.0,12.0,3.6,3.33,3,True,False,False
Intel® Core™ i3-2105 Processor,134.0,32.0,2.0,4.0,4.4,3.1,3,True,False,False
Intel® Core™ i3-2100 Processor,120.0,32.0,2.0,4.0,4.4,3.1,3,True,False,False
Intel® Core™ i3-2100T Processor,132.0,32.0,2.0,4.0,4.4,2.5,3,True,False,False
Intel® Core™ i3-2120 Processor,120.0,32.0,2.0,4.0,4.4,3.3,3,True,False,False
Intel® Core™ i5-2540M Processor,269.0,32.0,2.0,4.0,3.3,2.6,3,False,False,True
Intel® Core™ i7-990X Processor Extreme Edition,1059.0,32.0,6.0,12.0,3.73,3.46,3,True,False,False
Intel® Core™ i5-2300 Processor,187.0,32.0,4.0,4.0,3.1,2.8,3,True,False,False
Intel® Core™ i7-2820QM Processor,570.0,32.0,4.0,8.0,3.4,2.3,3,False,False,True
Intel® Core™ i3-560 Processor,117.0,32.0,2.0,4.0,4.4,3.33,3,True,False,False
Intel® Core™ i5-760 Processor,213.0,45.0,4.0,4.0,3.33,2.8,3,True,False,False
Intel® Core™ i7-740QM Processor,380.0,45.0,4.0,8.0,2.93,1.73,3,False,False,True
Intel® Core™ i7-840QM Processor,570.0,45.0,4.0,8.0,3.2,1.86,3,False,False,True
Intel® Core™ i7-970 Processor,594.0,32.0,6.0,12.0,3.46,3.2,3,True,False,False
Intel® Core™ i3-550 Processor,117.0,32.0,2.0,4.0,4.4,3.2,3,True,False,False
Intel® Core™ i5-655K Processor,177.0,32.0,2.0,4.0,3.46,3.2,3,True,False,False
Intel® Core™ i7-875K Processor,353.0,45.0,4.0,8.0,3.6,2.93,3,True,False,False
Intel® Core™ i5-680 Processor,305.0,32.0,2.0,4.0,3.86,3.6,3,True,False,False
Intel® Core™ i7-980X Processor Extreme Edition,1059.0,32.0,6.0,12.0,3.6,3.33,3,True,False,False
Intel® Core™ i3-530 Processor,117.0,32.0,2.0,4.0,4.4,2.93,3,True,False,False
Intel® Core™ i3-540 Processor,117.0,32.0,2.0,4.0,4.4,3.06,3,True,False,False
Intel® Core™ i5-520E Processor,210.0,32.0,2.0,4.0,2.93,2.4,3,False,True,False
Intel® Core™ i5-520M Processor,227.0,32.0,2.0,4.0,2.93,2.4,3,False,False,True
Intel® Core™ i5-540M Processor,269.0,32.0,2.0,4.0,3.07,2.53,3,False,False,True
Intel® Core™ i5-650 Processor,177.0,32.0,2.0,4.0,3.46,3.2,3,True,False,False
Intel® Core™ i5-660 Processor,185.0,32.0,2.0,4.0,3.6,3.33,3,True,False,False
Intel® Core™ i5-661 Processor,177.0,32.0,2.0,4.0,3.6,3.33,3,True,False,False
Intel® Core™ i5-670 Processor,305.0,32.0,2.0,4.0,3.73,3.46,3,True,False,False
Intel® Core™ i5-750S Processor,279.0,45.0,4.0,4.0,3.2,2.4,3,True,False,False
Intel® Core™ i7-610E Processor,232.0,32.0,2.0,4.0,3.2,2.53,3,False,False,True
Intel® Core™ i7-860S Processor,362.0,45.0,4.0,8.0,3.46,2.53,3,True,False,False
Intel® Core™ i3-330E Processor,138.0,32.0,2.0,4.0,4.4,2.13,3,False,False,True
Intel® Core™ i7-930 Processor,305.0,45.0,4.0,8.0,3.06,2.8,3,True,False,False
Intel® Core™ i7-960 Processor,305.0,45.0,4.0,8.0,3.46,3.2,3,True,False,False
Intel® Core™ i7-720QM Processor,380.0,45.0,4.0,8.0,2.8,1.6,3,False,False,True
Intel® Core™ i5-750 Processor,203.0,45.0,4.0,4.0,3.2,2.66,3,True,False,False
Intel® Core™ i7-860 Processor,305.0,45.0,4.0,8.0,3.46,2.8,3,True,False,False
Intel® Core™ i7-870 Processor,305.0,45.0,4.0,8.0,3.6,2.93,3,True,False,False
Intel® Core™2 Quad Processor Q9505,234.0,45.0,4.0,8.0,4.4,2.83,1,True,False,False
Intel® Core™ i7-950 Processor,305.0,45.0,4.0,8.0,3.33,3.06,3,True,False,False
Intel® Core™ i7-975 Processor Extreme Edition,1059.0,45.0,4.0,8.0,3.6,3.33,3,True,False,False
Intel® Core™2 Duo Processor E7600,147.0,45.0,2.0,8.0,4.4,3.06,1,True,False,False
Intel® Core™2 Duo Processor P8800,253.0,45.0,2.0,8.0,4.4,2.66,1,False,False,True
Intel® Core™2 Quad Processor Q8400,179.0,45.0,4.0,8.0,4.4,2.66,1,True,False,False
Intel® Core™2 Quad Processor Q8400S,232.0,45.0,4.0,8.0,4.4,2.66,1,True,False,False
Intel® Core™2 Duo Processor E7500,125.0,45.0,2.0,8.0,4.4,2.93,1,True,False,False
Intel® Core™2 Quad Processor Q8200S,232.0,45.0,4.0,8.0,4.4,2.33,1,True,False,False
Intel® Core™2 Quad Processor Q9400S,254.0,45.0,4.0,8.0,4.4,2.66,1,True,False,False
Intel® Core™2 Quad Processor Q9550S,340.0,45.0,4.0,8.0,4.4,2.83,1,True,False,False
Intel® Core™2 Duo Processor SL9380,247.0,45.0,2.0,8.0,4.4,1.8,1,False,False,True
Intel® Core™2 Quad Processor Q9000,364.0,45.0,4.0,8.0,4.4,2.0,1,False,False,True
Intel® Core™2 Quad Processor Q8300,179.0,45.0,4.0,8.0,4.4,2.5,1,True,False,False
Intel® Core™ i7-920 Processor,305.0,45.0,4.0,8.0,2.93,2.66,3,True,False,False
Intel® Core™ i7-940 Processor,555.0,45.0,4.0,8.0,3.2,2.93,3,True,False,False
Intel® Core™ i7-965 Processor Extreme Edition,990.0,45.0,4.0,8.0,3.46,3.2,3,True,False,False
Intel® Core™2 Duo Processor E7400,117.5,45.0,2.0,8.0,4.4,2.8,1,True,False,False
Intel® Core™2 Quad Processor Q8200,179.0,45.0,4.0,8.0,4.4,2.33,1,True,False,False
Intel® Core™2 Duo Processor SU9300,245.0,45.0,2.0,8.0,4.4,1.2,1,False,False,True
Intel® Core™2 Duo Processor E7300,117.0,45.0,2.0,8.0,4.4,2.66,1,True,False,False
Intel® Core™2 Duo Processor E8600,285.0,45.0,2.0,8.0,4.4,3.33,1,True,False,False
Intel® Core™2 Quad Processor Q9400,190.0,45.0,4.0,8.0,4.4,2.66,1,True,False,False
Intel® Core™2 Quad Processor Q9650,339.0,45.0,4.0,8.0,4.4,3.0,1,True,False,False
Intel® Core™2 Duo Processor P8400,205.0,45.0,2.0,8.0,4.4,2.26,1,False,False,True
Intel® Core™2 Duo Processor P8600,211.0,45.0,2.0,8.0,4.4,2.4,1,False,False,True
Intel® Core™2 Duo Processor P9500,364.0,45.0,2.0,8.0,4.4,2.53,1,False,False,True
Intel® Core™2 Duo Processor T9400,290.5,45.0,2.0,8.0,4.4,2.53,1,False,False,True
Intel® Core™2 Quad Processor Q9300,200.0,45.0,4.0,8.0,4.4,2.5,1,True,False,False
Intel® Core™2 Quad Processor Q9550,287.0,45.0,4.0,8.0,4.4,2.83,1,True,False,False
Intel® Core™2 Duo Processor E8400,179.0,45.0,2.0,8.0,4.4,3.0,1,True,False,False
Intel® Core™2 Duo Processor E8500,200.0,45.0,2.0,8.0,4.4,3.16,1,True,False,False
